<?xml version="1.0" encoding="ISO-8859-1" ?>
<!DOCTYPE struts-config PUBLIC
          "-//Apache Software Foundation//DTD Struts Configuration 1.2//EN"
          "http://jakarta.apache.org/struts/dtds/struts-config_1_2.dtd">
<struts-config>
	<form-beans>
		<form-bean name="RF" type="com.example.harshita.form.User">
		</form-bean>
		<form-bean name="DF"
			type="com.example.harshita.form.UserUpdateOrDelete">
		</form-bean>
		<form-bean name="EF"
			type="com.example.harshita.form.Employee">
		</form-bean>
		<form-bean name="GF"
			type="com.example.harshita.form.UserByName">
		</form-bean>
		<form-bean name="BF"
			type="com.example.harshita.form.DispatchForm">
		</form-bean>
		<form-bean name="MEF"
			type="com.example.harshita.form.MyEmployee">
		</form-bean>
		<form-bean name="FUPLOAD"
			type="com.example.harshita.form.UserForm">
		</form-bean>
	</form-beans>
	<global-exceptions>
	</global-exceptions>
	<global-forwards>
	</global-forwards>
	<action-mappings>
		<action path="/login" name="RF"
			type="com.example.harshita.action.UserAction">
			<forward name="loginsuccess" path="/loginsuccess.jsp" />
			<forward name="failure" path="/failure.jsp" />
		</action>
		<action path="/del" name="DF"
			type="com.example.harshita.action.DeleteAction">
			<forward name="success" path="/loginsuccess.jsp" />
		</action>
		<action path="/loginsuccess" name="DF"
			type="com.example.harshita.action.EmployeeAction">
			<forward name="success" path="/success.jsp" />
		</action>
		<action path="/upd" name="DF"
			type="com.example.harshita.action.UpdateAction">
			<forward name="success" path="/empUpdate.jsp" />
		</action>
		<action path="/upd1" name="EF"
			type="com.example.harshita.action.SaveAction">
			<forward name="success" path="/success.jsp" />
		</action>
		<action path="/add" name="EF"
			type="com.example.harshita.action.AddAction">
			<forward name="success" path="/success.jsp" />
		</action>
		<action path="/displayemployee" name="DF"
			type="com.example.harshita.action.DisplayAction">
			<forward name="successemployee" path="/success.jsp" />
		</action>
		<action path="/search" name="GF"
			type="com.example.harshita.action.DisplayByNameAction">
			<forward name="successemployee" path="/success.jsp" />
		</action>
		<action path="/act" name="BF"
			type="com.example.harshita.action.MyDispatchAction" parameter="mcall">
			<forward name="success" path="/dispatchsuccess.jsp" />
		</action>
		<action path="/faw"
			type="org.apache.struts.actions.ForwardAction"
			parameter="/forwardSuccess.jsp">
			<forward name="successemployee" path="/success.jsp" />
		</action>
		<action path="/reg" name="MEF"
			type="com.example.harshita.action.MyEmployeeAction" validate="true"
			input="/empRegister.jsp">
			<forward name="success" path="/empSuccess.jsp" />
		</action>
		<action path="/clang"
			type="com.example.harshita.action.LocaleAction">
			<forward name="success" path="/empRegister.jsp" />
		</action>
		<action path="/file-upload" name="FUPLOAD"
			type="com.example.harshita.action.UserFormAction">
			<forward name="success" path="/uploadSuccess.jsp" />
		</action>
		<action path="/tileact"
			type="com.example.nikhil.action.TilesAction">
			<forward name="profile" path="profile" />
			<forward name="contact" path="contact" />
		</action>
	</action-mappings>
	<controller
		processorClass="org.apache.struts.tiles.TilesRequestProcessor" />
	<message-resources parameter="application"></message-resources>
	<plug-in className="org.apache.struts.tiles.TilesPlugin">
		<set-property property="definitions-config"
			value="/WEB-INF/tiles-defs.xml" />
		<set-property property="moduleAware" value="true" />
	</plug-in>
	<!-- ========================= Validator plugin ================================= -->
	<plug-in
		className="org.apache.struts.validator.ValidatorPlugIn">
		<set-property property="pathnames"
			value="/WEB-INF/validator-rules.xml,/WEB-INF/validation.xml" />
	</plug-in>
</struts-config>